{"learner":{"attributes":{"scikit_learn":"{\"use_label_encoder\": true, \"n_estimators\": 10, \"objective\": \"binary:logistic\", \"max_depth\": 3, \"learning_rate\": null, \"verbosity\": null, \"booster\": null, \"tree_method\": null, \"gamma\": null, \"min_child_weight\": null, \"max_delta_step\": null, \"subsample\": null, \"colsample_bytree\": null, \"colsample_bylevel\": null, \"colsample_bynode\": null, \"reg_alpha\": null, \"reg_lambda\": null, \"scale_pos_weight\": null, \"base_score\": null, \"missing\": NaN, \"num_parallel_tree\": null, \"kwargs\": {}, \"random_state\": null, \"n_jobs\": null, \"monotone_constraints\": null, \"interaction_constraints\": null, \"importance_type\": \"gain\", \"gpu_id\": null, \"validate_parameters\": null, \"classes_\": [0.0, 1.0], \"n_classes_\": 2, \"_le\": {\"classes_\": [0.0, 1.0]}, \"_estimator_type\": \"classifier\"}"},"feature_names":[],"feature_types":[],"gradient_booster":{"model":{"gbtree_model_param":{"num_trees":"10","size_leaf_vector":"0"},"tree_info":[0,0,0,0,0,0,0,0,0,0],"trees":[{"base_weights":[-7.8162915E-1,-1.5411428E0,3.076318E-1,-1.9428228E0,-1.1609383E0,1.1289088E0,-1.6547321E0,-1.9999764E0,-1.6434091E0,1.5584893E0,-1.4313277E0,-1.3200961E0,1.3432089E0,-1.9180685E0,1.9993043E0],"categories":[],"categories_nodes":[],"categories_segments":[],"categories_sizes":[],"default_left":[true,true,true,true,true,true,true,false,false,false,false,false,false,false,false],"id":0,"left_children":[1,3,5,7,9,11,13,-1,-1,-1,-1,-1,-1,-1,-1],"loss_changes":[2.9186456E5,3.1741531E4,2.3358231E5,1.7263125E3,7.852156E4,5.3624406E4,4.115022E4,0E0,0E0,0E0,0E0,0E0,0E0,0E0,0E0],"parents":[2147483647,0,0,1,1,2,2,3,3,4,4,5,5,6,6],"right_children":[2,4,6,8,10,12,14,-1,-1,-1,-1,-1,-1,-1,-1],"split_conditions":[-2.8082514E-1,-5.6285954E-1,8.2367593E-1,-5.684263E-1,-5.5155164E-1,-4.7740394E-1,2.868699E0,-5.9999293E-1,-4.9302277E-1,4.6754682E-1,-4.2939833E-1,-3.9602885E-1,4.0296268E-1,-5.7542056E-1,5.997913E-1],"split_indices":[7,5,8,6,5,6,5,0,0,0,0,0,0,0,0],"split_type":[0,0,0,0,0,0,0,0,0,0,0,0,0,0,0],"sum_hessian":[3.527865E5,2.078545E5,1.44932E5,1.0107075E5,1.0678375E5,1.02172E5,4.276E4,8.48655E4,1.620525E4,9.65675E3,9.7127E4,8.22075E3,9.395125E4,3.9886E4,2.874E3],"tree_param":{"num_deleted":"0","num_feature":"12","num_nodes":"15","size_leaf_vector":"0"}},{"base_weights":[-5.875872E-1,-1.2099948E0,1.8671514E-1,-1.5492444E0,-9.7231966E-1,7.6098794E-1,-1.3371725E0,-5.405139E-1,-1.533127E0,-1.1695701E0,9.608722E-1,-1.5231506E0,1.5482953E0],"categories":[],"categories_nodes":[],"categories_segments":[],"categories_sizes":[],"default_left":[true,true,true,false,true,true,true,false,false,false,false,false,false],"id":1,"left_children":[1,3,5,-1,7,9,11,-1,-1,-1,-1,-1,-1],"loss_changes":[1.601889E5,1.4856281E4,1.2962603E5,0E0,2.6239195E4,4.1515254E4,2.1758352E4,0E0,0E0,0E0,0E0,0E0,0E0],"parents":[2147483647,0,0,1,1,2,2,4,4,5,5,6,6],"right_children":[2,4,6,-1,8,10,12,-1,-1,-1,-1,-1,-1],"split_conditions":[-3.016587E-1,-5.6705713E-1,8.3460855E-1,-4.6477333E-1,2.8369987E-1,-4.682523E-1,2.868699E0,-1.6215417E-1,-4.599381E-1,-3.5087103E-1,2.8826165E-1,-4.5694518E-1,4.644886E-1],"split_indices":[7,4,8,0,8,4,5,0,0,0,0,0,0],"split_type":[0,0,0,0,0,0,0,0,0,0,0,0,0],"sum_hessian":[3.3238784E5,1.8426752E5,1.4812034E5,7.591023E4,1.0835729E5,1.0757973E5,4.0540617E4,6.122089E4,4.7136395E4,1.0092985E4,9.748674E4,3.8086297E4,2.4543176E3],"tree_param":{"num_deleted":"0","num_feature":"12","num_nodes":"13","size_leaf_vector":"0"}},{"base_weights":[-4.751908E-1,-1.1155812E0,5.9734385E-2,-1.4416152E0,-8.297873E-1,1.0291945E0,-4.6759066E-1,-1.3497156E0,-1.5520332E0,4.9604657E-1,-1.1159478E0,1.4979293E0,-1.3078977E-1,-6.5069765E-1,1.4641647E0],"categories":[],"categories_nodes":[],"categories_segments":[],"categories_sizes":[],"default_left":[true,true,true,true,true,true,true,false,false,false,false,false,false,false,false],"id":2,"left_children":[1,3,5,7,9,11,13,-1,-1,-1,-1,-1,-1,-1,-1],"loss_changes":[1.02004375E5,1.2626828E4,8.294389E4,6.402969E2,2.7401547E4,3.1079715E4,3.717193E4,0E0,0E0,0E0,0E0,0E0,0E0,0E0,0E0],"parents":[2147483647,0,0,1,1,2,2,3,3,4,4,5,5,6,6],"right_children":[2,4,6,8,10,12,14,-1,-1,-1,-1,-1,-1,-1,-1],"split_conditions":[-4.6494547E-1,-1.9711111E-1,-5.4418985E-2,-5.670572E-1,8.970733E-2,2.5149643E-1,2.868699E0,-4.049147E-1,-4.6560997E-1,1.4881398E-1,-3.3478436E-1,4.4937882E-1,-3.9236933E-2,-1.9520931E-1,4.3924943E-1],"split_indices":[5,9,8,4,8,6,5,0,0,0,0,0,0,0,0],"split_type":[0,0,0,0,0,0,0,0,0,0,0,0,0,0,0],"sum_hessian":[2.9776888E5,1.3552403E5,1.6224484E5,6.3303367E4,7.222066E4,5.715935E4,1.0508549E5,3.455601E4,2.8747355E4,1.2820448E4,5.9400207E4,4.070905E4,1.6450303E4,9.598768E4,9.097807E3],"tree_param":{"num_deleted":"0","num_feature":"12","num_nodes":"15","size_leaf_vector":"0"}},{"base_weights":[-3.800066E-1,-8.956035E-1,1.2578249E-1,-1.2563162E0,-6.70529E-1,5.3869605E-1,-1.1040204E0,-1.2830172E0,-1.2309768E0,1.4828287E-1,-9.4649565E-1,-6.798756E-1,7.148469E-1,-1.225015E0,1.2237821E0],"categories":[],"categories_nodes":[],"categories_segments":[],"categories_sizes":[],"default_left":[true,true,true,true,true,true,true,false,false,false,false,false,false,false,false],"id":3,"left_children":[1,3,5,7,9,11,13,-1,-1,-1,-1,-1,-1,-1,-1],"loss_changes":[6.995468E4,1.078375E4,6.876349E4,3.2945312E1,1.8483883E4,2.1761094E4,9.588277E3,0E0,0E0,0E0,0E0,0E0,0E0,0E0,0E0],"parents":[2147483647,0,0,1,1,2,2,3,3,4,4,5,5,6,6],"right_children":[2,4,6,8,10,12,14,-1,-1,-1,-1,-1,-1,-1,-1],"split_conditions":[-3.2248616E-1,-5.6705713E-1,8.318057E-1,-6.008029E-1,-5.466211E-1,-4.5819956E-1,2.868699E0,-3.8490516E-1,-3.6929306E-1,4.448486E-2,-2.8394872E-1,-2.039627E-1,2.1445408E-1,-3.6750454E-1,3.6713463E-1],"split_indices":[7,4,10,6,6,6,5,0,0,0,0,0,0,0,0],"split_type":[0,0,0,0,0,0,0,0,0,0,0,0,0,0,0],"sum_hessian":[2.6824688E5,1.3283514E5,1.3541172E5,5.1036918E4,8.179823E4,1.0137502E5,3.4036703E4,2.4826627E4,2.621029E4,2.0619432E4,6.1178797E4,1.2803112E4,8.8571914E4,3.2355404E4,1.6812981E3],"tree_param":{"num_deleted":"0","num_feature":"12","num_nodes":"15","size_leaf_vector":"0"}},{"base_weights":[-3.1924218E-1,-1.112225E0,-6.7476034E-2,-1.2288824E0,-8.259185E-1,3.4987268E-1,-5.862617E-1,-1.1830477E0,-1.3409147E0,-1.1702439E0,3.5398908E0,-3.1586143E-1,6.6279054E-1,-8.7031275E-1,1.805441E-1],"categories":[],"categories_nodes":[],"categories_segments":[],"categories_sizes":[],"default_left":[true,true,true,true,true,true,true,false,false,false,false,false,false,false,false],"id":4,"left_children":[1,3,5,7,9,11,13,-1,-1,-1,-1,-1,-1,-1,-1],"loss_changes":[4.699135E4,1.8934453E3,3.868132E4,2.0534375E2,2.469311E4,2.062529E4,1.7348445E4,0E0,0E0,0E0,0E0,0E0,0E0,0E0,0E0],"parents":[2147483647,0,0,1,1,2,2,3,3,4,4,5,5,6,6],"right_children":[2,4,6,8,10,12,14,-1,-1,-1,-1,-1,-1,-1,-1],"split_conditions":[-5.6212026E-1,1.082689E-1,2.8684086E-1,-5.6705713E-1,-5.6878334E-1,-7.240949E-1,1.0485853E-1,-3.549143E-1,-4.0227443E-1,-3.5107318E-1,1.0619673E0,-9.4758436E-2,1.9883718E-1,-2.6109383E-1,5.416323E-2],"split_indices":[5,9,8,4,6,1,7,0,0,0,0,0,0,0,0],"split_type":[0,0,0,0,0,0,0,0,0,0,0,0,0,0,0],"sum_hessian":[2.3537247E5,5.6719805E4,1.7865267E5,4.0297176E4,1.642263E4,9.900567E4,7.9647E4,2.8605596E4,1.1691578E4,1.5222764E4,1.1998665E3,3.1656441E4,6.734923E4,5.811798E4,2.1529021E4],"tree_param":{"num_deleted":"0","num_feature":"12","num_nodes":"15","size_leaf_vector":"0"}},{"base_weights":[-2.610847E-1,-7.7985543E-1,6.3301355E-2,-1.2028313E0,-4.4238207E-1,3.0596817E-1,-1.0493524E0,-1.1179256E0,-1.2746122E0,1.897028E-1,-1.1585289E0,1.4351848E-1,1.4091249E0,-1.161479E0,1.1448987E0],"categories":[],"categories_nodes":[],"categories_segments":[],"categories_sizes":[],"default_left":[true,true,true,true,true,true,true,false,false,false,false,false,false,false,false],"id":5,"left_children":[1,3,5,7,9,11,13,-1,-1,-1,-1,-1,-1,-1,-1],"loss_changes":[3.590565E4,1.17169375E4,3.5446156E4,2.2059375E2,2.0669086E4,1.931379E4,5.784453E3,0E0,0E0,0E0,0E0,0E0,0E0,0E0,0E0],